-- --------------------------------------------------------
-- 主机:                           127.0.0.1
-- 服务器版本:                        5.6.14 - MySQL Community Server (GPL)
-- 服务器操作系统:                      Win64
-- HeidiSQL 版本:                  8.2.0.4675
-- --------------------------------------------------------

/*!40101 SET @OLD_CHARACTER_SET_CLIENT=@@CHARACTER_SET_CLIENT */;
/*!40101 SET NAMES utf8 */;
/*!40014 SET @OLD_FOREIGN_KEY_CHECKS=@@FOREIGN_KEY_CHECKS, FOREIGN_KEY_CHECKS=0 */;
/*!40101 SET @OLD_SQL_MODE=@@SQL_MODE, SQL_MODE='NO_AUTO_VALUE_ON_ZERO' */;

-- 导出 schedule_system 的数据库结构
CREATE DATABASE IF NOT EXISTS `schedule_system` /*!40100 DEFAULT CHARACTER SET utf8 COLLATE utf8_unicode_ci */;
USE `schedule_system`;


-- 导出  表 schedule_system.company 结构
CREATE TABLE IF NOT EXISTS `company` (
  `id` int(11) NOT NULL AUTO_INCREMENT,
  `name` varchar(100) COLLATE utf8_unicode_ci NOT NULL DEFAULT '0',
  `contact` varchar(100) COLLATE utf8_unicode_ci DEFAULT '0',
  PRIMARY KEY (`id`)
) ENGINE=InnoDB AUTO_INCREMENT=113 DEFAULT CHARSET=utf8 COLLATE=utf8_unicode_ci;

-- 正在导出表  schedule_system.company 的数据：~111 rows (大约)
/*!40000 ALTER TABLE `company` DISABLE KEYS */;
INSERT INTO `company` (`id`, `name`, `contact`) VALUES
(1, '延华智能 ', '顾燕芳'),
(2, '拓尔斯', '何东炯'),
(3, '三安光电', '王庆'),
(4, '德豪润达', '邓飞'),
(5, '鸿利光电', '邓寿铁'),
(6, '锦富新材', '葛卫东'),
(7, '百视通', '张建'),
(8, '网宿科技', '周丽萍'),
(9, '朗玛信息', '余周军'),
(10, '金龙机电', '黄娟'),
(11, '富春通信', '陈苹'),
(12, '光迅科技', '毛浩'),
(13, '中天科技', '杨栋云'),
(14, '中兴通讯', '徐宇龙　'),
(15, '浙大网新', '许克菲'),
(16, '思源电气', '林菱 '),
(17, '正泰电器', '王国荣 '),
(18, '汇川技术', '宋君恩'),
(19, '国电南自', '金总'),
(20, '森源电气', '崔付军  '),
(21, '国电南瑞', '方飞龙'),
(22, '许继电气', '姚武  '),
(23, '置信电气', '牛希红'),
(24, '荣盛发展', '陈金海'),
(25, '苏宁环球', '邱洪涛'),
(26, '万科', '邬锦明'),
(27, '招商地产', '陈澄'),
(28, '金地集团', '唐燕'),
(29, '滨江集团', '李渊'),
(30, '中南建设', '智刚'),
(31, '百隆东方', '杨镜良'),
(32, '奥康国际', '余雄平'),
(33, '探路者', '张成'),
(34, '宝钢股份', '陶昀'),
(35, '辉丰股份', '贲银良'),
(36, '康得新', '钟凯'),
(37, '安利股份', '吴双喜'),
(38, '雅本化学', '王卓颖'),
(39, '青松股份', '邓建明'),
(40, '中国石化', '郑保民'),
(41, '华鼎锦纶', '胡方波'),
(42, '卫星石化', '沈晓伟'),
(43, '中化国际', '刘翔'),
(44, '巨星科技', '何天乐'),
(45, '汉钟精机', '余董'),
(46, '广日股份', '吴宾'),
(47, '威海广泰', ''),
(48, '金通灵', '何洁'),
(49, '通裕重工', ''),
(50, '永辉超市', '孙总'),
(51, '路翔股份', '陈新华'),
(52, '江河幕墙', '刘中岳'),
(53, '金螳螂', '罗承云'),
(54, '中交建设', '俞京京'),
(55, '东方园林', '唐海军'),
(56, '普邦园林', '马力达'),
(57, '棕榈园林', '尹松涛'),
(58, '航空动力', '赵岳'),
(59, '钢研高纳', '许洪贵'),
(60, '宋城股份', ''),
(61, '永泰能源', '王军'),
(62, '神火股份', '李宏伟'),
(63, '海大集团', '卢洁雯'),
(64, '西王食品', '马立东'),
(65, '獐子岛', '孙福君'),
(66, '中粮屯河', '蒋学工'),
(67, '雏鹰农牧', '吴易德'),
(68, '亚盛集团', '符继军'),
(69, '瑞普生物', '曾志伟'),
(70, '上汽集团', '卫勇'),
(71, '福田汽车', '李延强'),
(72, '喜临门', '陈总'),
(73, '奥瑞金', '高树军'),
(74, '豫园商城', '蒋伟'),
(75, '张裕A', '曲为民'),
(76, '青岛啤酒', '张瑞祥'),
(77, '涪陵榨菜', '黄正坤'),
(78, '恒瑞医药', ''),
(79, '人福药业', ''),
(80, '通化东宝', ''),
(81, '戴维医疗 ', ''),
(82, '东富龙 ', ''),
(83, '上海凯宝 ', '穆竟伟'),
(84, '汤臣倍健', '林志成'),
(85, '科华生物 ', '颜华'),
(86, '浦发银行', '曹忠明'),
(87, '海亮股份', '邵国勇'),
(88, '云南锗业 ', '金红国'),
(89, '开尔新材', '程志勇'),
(90, '佳都新太', '刘颖'),
(91, '新纶科技', '杨利'),
(92, '中海达', '何金成'),
(93, '宁波GQY', '谢诚正'),
(95, ' 海亮股份', NULL),
(96, '中南', NULL),
(97, '华测检测', NULL),
(98, '康德新', NULL),
(99, ' 宋城股份', NULL),
(100, '涪林榨菜', NULL),
(101, '国电清新', NULL),
(102, '九龙电力', NULL),
(103, ' 思源电气', NULL),
(104, '  中化国际', NULL),
(105, '江特电机', NULL),
(106, '招商', NULL),
(107, '许继电器', NULL),
(108, '三安', NULL),
(109, '德豪', NULL),
(110, '张裕', NULL),
(111, '陪陵榨菜', NULL),
(112, '得豪润达', NULL);
/*!40000 ALTER TABLE `company` ENABLE KEYS */;


-- 导出  表 schedule_system.company_availbility 结构
CREATE TABLE IF NOT EXISTS `company_availbility` (
  `company_id` int(11) DEFAULT NULL,
  `time_frame_id` int(11) DEFAULT NULL
) ENGINE=InnoDB DEFAULT CHARSET=utf8 COLLATE=utf8_unicode_ci;

-- 正在导出表  schedule_system.company_availbility 的数据：~325 rows (大约)
/*!40000 ALTER TABLE `company_availbility` DISABLE KEYS */;
INSERT INTO `company_availbility` (`company_id`, `time_frame_id`) VALUES
(1, 8),
(1, 5),
(1, 6),
(1, 7),
(2, 1),
(2, 2),
(2, 3),
(3, 8),
(3, 5),
(3, 6),
(3, 7),
(4, 1),
(4, 2),
(4, 3),
(4, 8),
(4, 5),
(4, 6),
(4, 7),
(5, 1),
(5, 2),
(5, 3),
(5, 8),
(5, 5),
(5, 6),
(5, 7),
(6, 1),
(6, 2),
(6, 3),
(6, 8),
(6, 5),
(6, 6),
(6, 7),
(7, 1),
(7, 2),
(7, 3),
(8, 8),
(8, 5),
(8, 6),
(8, 7),
(9, 1),
(9, 2),
(9, 3),
(10, 1),
(10, 2),
(10, 3),
(10, 8),
(10, 5),
(10, 6),
(10, 7),
(11, 1),
(11, 2),
(11, 3),
(12, 1),
(12, 2),
(12, 3),
(13, 1),
(13, 2),
(13, 3),
(14, 8),
(14, 5),
(14, 6),
(14, 7),
(15, 1),
(15, 2),
(15, 3),
(16, 8),
(16, 5),
(16, 6),
(16, 7),
(18, 8),
(18, 5),
(18, 6),
(18, 7),
(19, 1),
(19, 2),
(19, 3),
(20, 1),
(20, 2),
(20, 3),
(21, 8),
(21, 5),
(21, 6),
(21, 7),
(22, 1),
(22, 2),
(22, 3),
(24, 1),
(24, 2),
(24, 3),
(25, 1),
(25, 2),
(25, 3),
(26, 8),
(26, 5),
(26, 6),
(26, 7),
(27, 8),
(27, 5),
(27, 6),
(27, 7),
(28, 1),
(28, 2),
(28, 3),
(29, 1),
(29, 2),
(29, 3),
(30, 8),
(30, 5),
(30, 6),
(30, 7),
(32, 8),
(32, 5),
(32, 6),
(32, 7),
(33, 1),
(33, 2),
(33, 3),
(34, 8),
(34, 5),
(34, 6),
(34, 7),
(35, 8),
(35, 5),
(35, 6),
(35, 7),
(36, 1),
(36, 2),
(36, 3),
(36, 8),
(36, 5),
(36, 6),
(36, 7),
(37, 1),
(37, 2),
(37, 3),
(37, 8),
(37, 5),
(37, 6),
(37, 7),
(38, 8),
(38, 5),
(38, 6),
(38, 7),
(39, 1),
(39, 2),
(39, 3),
(40, 1),
(40, 2),
(40, 3),
(41, 1),
(41, 2),
(41, 3),
(43, 1),
(43, 2),
(43, 3),
(44, 8),
(44, 5),
(44, 6),
(44, 7),
(45, 1),
(45, 2),
(45, 3),
(46, 8),
(46, 5),
(46, 6),
(46, 7),
(47, 8),
(47, 5),
(47, 6),
(47, 7),
(48, 8),
(48, 5),
(48, 6),
(48, 7),
(49, 8),
(49, 5),
(49, 6),
(49, 7),
(50, 8),
(50, 5),
(50, 6),
(50, 7),
(51, 1),
(51, 2),
(51, 3),
(51, 8),
(51, 5),
(51, 6),
(51, 7),
(52, 8),
(52, 5),
(52, 6),
(52, 7),
(53, 1),
(53, 2),
(53, 3),
(54, 1),
(54, 2),
(54, 3),
(55, 1),
(55, 2),
(55, 3),
(56, 8),
(56, 5),
(56, 6),
(56, 7),
(57, 8),
(57, 5),
(57, 6),
(57, 7),
(58, 1),
(58, 2),
(58, 3),
(59, 1),
(59, 2),
(59, 3),
(60, 8),
(60, 5),
(60, 6),
(60, 7),
(61, 8),
(61, 5),
(61, 6),
(61, 7),
(62, 8),
(62, 5),
(62, 6),
(62, 7),
(63, 1),
(63, 2),
(63, 3),
(64, 8),
(64, 5),
(64, 6),
(64, 7),
(65, 1),
(65, 2),
(65, 3),
(66, 1),
(66, 2),
(66, 3),
(66, 8),
(66, 5),
(66, 6),
(66, 7),
(67, 1),
(67, 2),
(67, 3),
(68, 1),
(68, 2),
(68, 3),
(68, 8),
(68, 5),
(68, 6),
(68, 7),
(69, 1),
(69, 2),
(69, 3),
(70, 8),
(70, 5),
(70, 6),
(70, 7),
(71, 1),
(71, 2),
(71, 3),
(73, 1),
(73, 2),
(73, 3),
(74, 1),
(74, 2),
(74, 3),
(75, 1),
(75, 2),
(75, 3),
(76, 1),
(76, 2),
(76, 3),
(77, 1),
(77, 2),
(77, 3),
(80, 8),
(80, 5),
(80, 6),
(80, 7),
(83, 1),
(83, 2),
(83, 3),
(84, 8),
(84, 5),
(84, 6),
(84, 7),
(85, 1),
(85, 2),
(85, 3),
(85, 8),
(85, 5),
(85, 6),
(85, 7),
(86, 8),
(86, 5),
(86, 6),
(86, 7),
(87, 1),
(87, 2),
(87, 3),
(88, 1),
(88, 2),
(88, 3),
(89, 8),
(89, 5),
(89, 6),
(89, 7),
(90, 8),
(90, 5),
(90, 6),
(90, 7),
(91, 1),
(91, 2),
(91, 3),
(92, 1),
(92, 2),
(92, 3),
(93, 1),
(93, 2),
(93, 3);
/*!40000 ALTER TABLE `company_availbility` ENABLE KEYS */;


-- 导出  表 schedule_system.fund 结构
CREATE TABLE IF NOT EXISTS `fund` (
  `id` int(11) NOT NULL AUTO_INCREMENT,
  `fund_name` varchar(100) COLLATE utf8_unicode_ci DEFAULT '0',
  `phone_number` varchar(100) COLLATE utf8_unicode_ci DEFAULT '0',
  `contact` varchar(100) COLLATE utf8_unicode_ci DEFAULT '0',
  `priority` int(11) NOT NULL DEFAULT '0',
  PRIMARY KEY (`id`)
) ENGINE=InnoDB AUTO_INCREMENT=55 DEFAULT CHARSET=utf8 COLLATE=utf8_unicode_ci;

-- 正在导出表  schedule_system.fund 的数据：~54 rows (大约)
/*!40000 ALTER TABLE `fund` DISABLE KEYS */;
INSERT INTO `fund` (`id`, `fund_name`, `phone_number`, `contact`, `priority`) VALUES
(1, '博时', NULL, '朱寅俊', 0),
(2, '博时', NULL, '孙占军', 0),
(3, '博时基金', NULL, '丁丹', 0),
(4, '博时基金 ', NULL, '唐天', 0),
(5, '大成基金', NULL, '虞亚新', 0),
(6, '富顿基金', NULL, 'Michael Zhang', 0),
(7, '国投瑞银', NULL, '孟亮', 0),
(8, '国投瑞银', NULL, '朱红裕', 0),
(9, '国投瑞银', NULL, '刘杰文', 0),
(10, '国投瑞银', NULL, '刘伟', 0),
(11, '国投瑞银 ', NULL, '陈小玲', 0),
(12, '海富通', NULL, '刘治国 ', 0),
(13, '海富通', NULL, '姚遥    ', 0),
(14, '海富通', NULL, '石红军', 0),
(15, '海富通', NULL, '牟永宁,王金祥', 0),
(16, '海富通', NULL, '陈洪', 0),
(17, '华安', NULL, '王嘉', 0),
(18, '华宝兴业', NULL, '朱亮', 0),
(19, '华宝兴业', NULL, '胡戈游', 0),
(20, '华宝兴业', NULL, '陈乐华', 0),
(21, '华夏基金 ', NULL, ' 孙彬', 0),
(22, '华夏基金 ', NULL, '彭海伟', 0),
(23, '华夏基金 ', NULL, '潘中宁', 0),
(24, '华夏基金 ', NULL, '何金孝', 0),
(25, '汇添富', NULL, '赵剑', 0),
(26, '汇添富', NULL, '马翔', 0),
(27, '汇添富', NULL, '雷鸣', 0),
(28, '汇添富', NULL, '朱晓亮', 0),
(29, '汇添富', NULL, '郑慧莲', 0),
(30, '汇添富', NULL, '赵剑', 0),
(31, '汇添富', NULL, '赵鹏程', 0),
(32, '汇添富', NULL, '10人', 0),
(33, '嘉实', NULL, '张丹华', 0),
(34, '交银', NULL, '曹文俊', 0),
(35, '交银', NULL, '刘潇潇', 0),
(36, '交银', NULL, '颜伟鹏', 0),
(37, '南方基金', NULL, '应帅,马北雁,吴国清,蔡望鹏', 0),
(38, '农银汇理', NULL, '付娟', 0),
(39, '鹏华', NULL, '杨俊', 0),
(40, '鹏华', NULL, '刘国丰', 0),
(41, '鹏华', NULL, '伍旋', 0),
(42, '融通', NULL, '刘 祎', 0),
(43, '上投摩根', NULL, '唐倩', 0),
(44, '上投摩根', NULL, '王成', 0),
(45, '太保资管（保险）', NULL, '李俊', 0),
(46, '太平 ', NULL, '庞良永', 0),
(47, '兴业', NULL, '杨跃斌等人', 0),
(48, '泽熙投资', NULL, '严鹏', 0),
(49, '泽熙投资', NULL, '鲁勇志', 0),
(50, '泽熙投资', NULL, '叶展', 0),
(51, '中海', NULL, '夏春晖', 0),
(52, '中银基金', NULL, '李丽洋', 0),
(53, '中银基金', NULL, '祁善斌 ', 0),
(54, '中银基金', NULL, '柯世峰', 0);
/*!40000 ALTER TABLE `fund` ENABLE KEYS */;


-- 导出  表 schedule_system.fund_availbility 结构
CREATE TABLE IF NOT EXISTS `fund_availbility` (
  `fund_id` int(11) DEFAULT NULL,
  `time_frame_id` int(11) DEFAULT NULL
) ENGINE=InnoDB DEFAULT CHARSET=utf8 COLLATE=utf8_unicode_ci;

-- 正在导出表  schedule_system.fund_availbility 的数据：~0 rows (大约)
/*!40000 ALTER TABLE `fund_availbility` DISABLE KEYS */;
/*!40000 ALTER TABLE `fund_availbility` ENABLE KEYS */;


-- 导出  表 schedule_system.one_many_meeting_request 结构
CREATE TABLE IF NOT EXISTS `one_many_meeting_request` (
  `company_id` int(11) NOT NULL,
  `time_frame_id` int(11) DEFAULT NULL,
  `status` int(11) DEFAULT NULL,
  `priority` int(11) NOT NULL DEFAULT '3',
  PRIMARY KEY (`company_id`)
) ENGINE=InnoDB DEFAULT CHARSET=utf8 COLLATE=utf8_unicode_ci;

-- 正在导出表  schedule_system.one_many_meeting_request 的数据：~0 rows (大约)
/*!40000 ALTER TABLE `one_many_meeting_request` DISABLE KEYS */;
/*!40000 ALTER TABLE `one_many_meeting_request` ENABLE KEYS */;


-- 导出  表 schedule_system.one_on_one_meeting_request 结构
CREATE TABLE IF NOT EXISTS `one_on_one_meeting_request` (
  `fund_id` int(11) NOT NULL,
  `company_id` int(11) NOT NULL,
  `status` int(11) DEFAULT NULL,
  `time_frame_id` int(11) DEFAULT NULL,
  `priority` int(11) NOT NULL DEFAULT '1',
  `musthave` tinyint(1) DEFAULT '0',
  `small` tinyint(1) DEFAULT '0',
  PRIMARY KEY (`fund_id`,`company_id`)
) ENGINE=InnoDB DEFAULT CHARSET=utf8 COLLATE=utf8_unicode_ci;

-- 正在导出表  schedule_system.one_on_one_meeting_request 的数据：~183 rows (大约)
/*!40000 ALTER TABLE `one_on_one_meeting_request` DISABLE KEYS */;
INSERT INTO `one_on_one_meeting_request` (`fund_id`, `company_id`, `status`, `time_frame_id`, `priority`, `musthave`, `small`) VALUES
(2, 3, NULL, NULL, 1, 0, 0),
(2, 6, NULL, NULL, 1, 0, 0),
(2, 10, NULL, NULL, 1, 0, 0),
(2, 32, NULL, NULL, 1, 0, 0),
(2, 33, NULL, NULL, 1, 0, 0),
(2, 42, NULL, NULL, 1, 0, 0),
(2, 77, NULL, NULL, 1, 0, 0),
(2, 89, NULL, NULL, 1, 0, 0),
(3, 58, NULL, NULL, 1, 0, 0),
(4, 84, NULL, NULL, 1, 0, 0),
(4, 100, NULL, NULL, 1, 0, 0),
(5, 87, NULL, NULL, 1, 0, 0),
(5, 101, NULL, NULL, 1, 0, 0),
(5, 102, NULL, NULL, 1, 0, 0),
(6, 1, NULL, NULL, 1, 0, 0),
(6, 95, NULL, NULL, 1, 0, 0),
(6, 103, NULL, NULL, 1, 0, 0),
(6, 104, NULL, NULL, 1, 0, 0),
(7, 3, NULL, NULL, 1, 0, 0),
(7, 8, NULL, NULL, 1, 0, 0),
(7, 21, NULL, NULL, 1, 0, 0),
(8, 17, NULL, NULL, 1, 0, 0),
(8, 52, NULL, NULL, 1, 0, 0),
(8, 63, NULL, NULL, 1, 0, 0),
(8, 67, NULL, NULL, 1, 0, 0),
(8, 105, NULL, NULL, 1, 0, 0),
(9, 4, NULL, NULL, 1, 0, 0),
(9, 10, NULL, NULL, 1, 0, 0),
(9, 36, NULL, NULL, 1, 0, 0),
(9, 92, NULL, NULL, 1, 0, 0),
(10, 8, NULL, NULL, 1, 0, 0),
(10, 36, NULL, NULL, 1, 0, 0),
(10, 51, NULL, NULL, 1, 0, 0),
(10, 61, NULL, NULL, 1, 0, 0),
(10, 88, NULL, NULL, 1, 0, 0),
(11, 63, NULL, NULL, 1, 0, 0),
(11, 64, NULL, NULL, 1, 0, 0),
(11, 68, NULL, NULL, 1, 0, 0),
(11, 69, NULL, NULL, 1, 0, 0),
(12, 17, NULL, NULL, 1, 0, 0),
(12, 56, NULL, NULL, 1, 0, 0),
(14, 24, NULL, NULL, 1, 0, 0),
(16, 4, NULL, NULL, 1, 0, 0),
(16, 10, NULL, NULL, 1, 0, 0),
(16, 90, NULL, NULL, 1, 0, 0),
(16, 91, NULL, NULL, 1, 0, 0),
(16, 92, NULL, NULL, 1, 0, 0),
(17, 96, NULL, NULL, 1, 0, 0),
(17, 106, NULL, NULL, 1, 0, 0),
(19, 77, NULL, NULL, 1, 0, 0),
(20, 3, NULL, NULL, 1, 0, 0),
(20, 4, NULL, NULL, 1, 0, 0),
(20, 5, NULL, NULL, 1, 0, 0),
(20, 10, NULL, NULL, 1, 0, 0),
(20, 92, NULL, NULL, 1, 0, 0),
(21, 6, NULL, NULL, 1, 0, 0),
(21, 7, NULL, NULL, 1, 0, 0),
(21, 90, NULL, NULL, 1, 0, 0),
(22, 2, NULL, NULL, 1, 0, 0),
(22, 11, NULL, NULL, 1, 0, 0),
(22, 12, NULL, NULL, 1, 0, 0),
(22, 46, NULL, NULL, 1, 0, 0),
(22, 50, NULL, NULL, 1, 0, 0),
(22, 58, NULL, NULL, 1, 0, 0),
(22, 59, NULL, NULL, 1, 0, 0),
(22, 64, NULL, NULL, 1, 0, 0),
(22, 66, NULL, NULL, 1, 0, 0),
(22, 68, NULL, NULL, 1, 0, 0),
(23, 8, NULL, NULL, 1, 0, 0),
(23, 16, NULL, NULL, 1, 0, 0),
(23, 17, NULL, NULL, 1, 0, 0),
(23, 18, NULL, NULL, 1, 0, 0),
(23, 21, NULL, NULL, 1, 0, 0),
(23, 24, NULL, NULL, 1, 0, 0),
(23, 27, NULL, NULL, 1, 0, 0),
(23, 56, NULL, NULL, 1, 0, 0),
(23, 58, NULL, NULL, 1, 0, 0),
(23, 75, NULL, NULL, 1, 0, 0),
(23, 82, NULL, NULL, 1, 0, 0),
(23, 97, NULL, NULL, 1, 0, 0),
(23, 107, NULL, NULL, 1, 0, 0),
(24, 68, NULL, NULL, 1, 0, 0),
(25, 21, NULL, NULL, 1, 0, 0),
(25, 22, NULL, NULL, 1, 0, 0),
(26, 3, NULL, NULL, 1, 0, 0),
(26, 4, NULL, NULL, 1, 0, 0),
(26, 5, NULL, NULL, 1, 0, 0),
(26, 8, NULL, NULL, 1, 0, 0),
(26, 10, NULL, NULL, 1, 0, 0),
(27, 63, NULL, NULL, 1, 0, 0),
(27, 67, NULL, NULL, 1, 0, 0),
(27, 75, NULL, NULL, 1, 0, 0),
(27, 76, NULL, NULL, 1, 0, 0),
(27, 77, NULL, NULL, 1, 0, 0),
(29, 60, NULL, NULL, 1, 0, 0),
(30, 17, NULL, NULL, 1, 0, 0),
(30, 18, NULL, NULL, 1, 0, 0),
(30, 21, NULL, NULL, 1, 0, 0),
(30, 22, NULL, NULL, 1, 0, 0),
(32, 5, NULL, NULL, 1, 0, 0),
(32, 7, NULL, NULL, 1, 0, 0),
(32, 8, NULL, NULL, 1, 0, 0),
(32, 10, NULL, NULL, 1, 0, 0),
(32, 17, NULL, NULL, 1, 0, 0),
(32, 18, NULL, NULL, 1, 0, 0),
(32, 21, NULL, NULL, 1, 0, 0),
(32, 22, NULL, NULL, 1, 0, 0),
(32, 60, NULL, NULL, 1, 0, 0),
(32, 63, NULL, NULL, 1, 0, 0),
(32, 67, NULL, NULL, 1, 0, 0),
(32, 76, NULL, NULL, 1, 0, 0),
(32, 96, NULL, NULL, 1, 0, 0),
(32, 97, NULL, NULL, 1, 0, 0),
(32, 108, NULL, NULL, 1, 0, 0),
(32, 109, NULL, NULL, 1, 0, 0),
(32, 110, NULL, NULL, 1, 0, 0),
(32, 111, NULL, NULL, 1, 0, 0),
(33, 5, NULL, NULL, 1, 0, 0),
(33, 6, NULL, NULL, 1, 0, 0),
(33, 8, NULL, NULL, 1, 0, 0),
(33, 9, NULL, NULL, 1, 0, 0),
(34, 18, NULL, NULL, 1, 0, 0),
(34, 35, NULL, NULL, 1, 0, 0),
(34, 47, NULL, NULL, 1, 0, 0),
(34, 60, NULL, NULL, 1, 0, 0),
(34, 97, NULL, NULL, 1, 0, 0),
(35, 68, NULL, NULL, 1, 0, 0),
(37, 7, NULL, NULL, 1, 0, 0),
(37, 8, NULL, NULL, 1, 0, 0),
(37, 9, NULL, NULL, 1, 0, 0),
(37, 83, NULL, NULL, 1, 0, 0),
(37, 98, NULL, NULL, 1, 0, 0),
(38, 3, NULL, NULL, 1, 0, 0),
(38, 8, NULL, NULL, 1, 0, 0),
(38, 92, NULL, NULL, 1, 0, 0),
(39, 4, NULL, NULL, 1, 0, 0),
(39, 16, NULL, NULL, 1, 0, 0),
(39, 21, NULL, NULL, 1, 0, 0),
(39, 63, NULL, NULL, 1, 0, 0),
(39, 68, NULL, NULL, 1, 0, 0),
(40, 63, NULL, NULL, 1, 0, 0),
(40, 68, NULL, NULL, 1, 0, 0),
(41, 68, NULL, NULL, 1, 0, 0),
(42, 21, NULL, NULL, 1, 0, 0),
(42, 68, NULL, NULL, 1, 0, 0),
(43, 3, NULL, NULL, 1, 0, 0),
(43, 5, NULL, NULL, 1, 0, 0),
(43, 10, NULL, NULL, 1, 0, 0),
(43, 26, NULL, NULL, 1, 0, 0),
(43, 28, NULL, NULL, 1, 0, 0),
(43, 53, NULL, NULL, 1, 0, 0),
(43, 112, NULL, NULL, 1, 0, 0),
(44, 1, NULL, NULL, 1, 0, 0),
(44, 11, NULL, NULL, 1, 0, 0),
(44, 36, NULL, NULL, 1, 0, 0),
(44, 84, NULL, NULL, 1, 0, 0),
(45, 26, NULL, NULL, 1, 0, 0),
(45, 46, NULL, NULL, 1, 0, 0),
(45, 54, NULL, NULL, 1, 0, 0),
(45, 76, NULL, NULL, 1, 0, 0),
(46, 3, NULL, NULL, 1, 0, 0),
(46, 10, NULL, NULL, 1, 0, 0),
(46, 18, NULL, NULL, 1, 0, 0),
(46, 21, NULL, NULL, 1, 0, 0),
(46, 67, NULL, NULL, 1, 0, 0),
(46, 92, NULL, NULL, 1, 0, 0),
(46, 97, NULL, NULL, 1, 0, 0),
(47, 3, NULL, NULL, 1, 0, 0),
(47, 5, NULL, NULL, 1, 0, 0),
(47, 21, NULL, NULL, 1, 0, 0),
(47, 22, NULL, NULL, 1, 0, 0),
(47, 112, NULL, NULL, 1, 0, 0),
(48, 83, NULL, NULL, 1, 0, 0),
(50, 1, NULL, NULL, 1, 0, 0),
(51, 8, NULL, NULL, 1, 0, 0),
(51, 9, NULL, NULL, 1, 0, 0),
(51, 36, NULL, NULL, 1, 0, 0),
(51, 100, NULL, NULL, 1, 0, 0),
(52, 68, NULL, NULL, 1, 0, 0),
(53, 27, NULL, NULL, 1, 0, 0),
(53, 28, NULL, NULL, 1, 0, 0),
(53, 30, NULL, NULL, 1, 0, 0),
(54, 99, NULL, NULL, 1, 0, 0);
/*!40000 ALTER TABLE `one_on_one_meeting_request` ENABLE KEYS */;


-- 导出  表 schedule_system.small_meeting_request 结构
CREATE TABLE IF NOT EXISTS `small_meeting_request` (
  `fund_id` int(11) NOT NULL,
  `company_id` int(11) NOT NULL,
  `status` int(11) DEFAULT NULL,
  `time_frame_id` int(11) DEFAULT NULL,
  `musthave` tinyint(1) DEFAULT '0',
  `small` tinyint(1) DEFAULT '0',
  `priority` int(11) NOT NULL DEFAULT '5',
  PRIMARY KEY (`fund_id`,`company_id`)
) ENGINE=InnoDB DEFAULT CHARSET=utf8 COLLATE=utf8_unicode_ci;

-- 正在导出表  schedule_system.small_meeting_request 的数据：~3 rows (大约)
/*!40000 ALTER TABLE `small_meeting_request` DISABLE KEYS */;
INSERT INTO `small_meeting_request` (`fund_id`, `company_id`, `status`, `time_frame_id`, `musthave`, `small`, `priority`) VALUES
(1, 26, NULL, NULL, 0, 0, 5),
(1, 27, NULL, NULL, 0, 0, 5),
(1, 28, NULL, NULL, 0, 0, 5);
/*!40000 ALTER TABLE `small_meeting_request` ENABLE KEYS */;


-- 导出  表 schedule_system.tbl_schedule 结构
CREATE TABLE IF NOT EXISTS `tbl_schedule` (
  `Id` int(11) NOT NULL AUTO_INCREMENT,
  `Subject` varchar(1000) CHARACTER SET utf8 DEFAULT NULL,
  `Venue` int(11) DEFAULT NULL,
  `Description` varchar(255) CHARACTER SET utf8 DEFAULT NULL,
  `StartTime` datetime DEFAULT NULL,
  `EndTime` datetime DEFAULT NULL,
  `IsAllDayEvent` smallint(6) NOT NULL,
  `Color` varchar(200) CHARACTER SET utf8 DEFAULT NULL,
  `RecurringRule` varchar(500) CHARACTER SET utf8 DEFAULT NULL,
  `Attendee` varchar(1000) CHARACTER SET utf8 DEFAULT NULL,
  `Type` varchar(10) CHARACTER SET utf8 DEFAULT NULL,
  PRIMARY KEY (`Id`)
) ENGINE=InnoDB DEFAULT CHARSET=utf8 COLLATE=utf8_unicode_ci;

-- 正在导出表  schedule_system.tbl_schedule 的数据：~0 rows (大约)
/*!40000 ALTER TABLE `tbl_schedule` DISABLE KEYS */;
/*!40000 ALTER TABLE `tbl_schedule` ENABLE KEYS */;


-- 导出  表 schedule_system.time_frame 结构
CREATE TABLE IF NOT EXISTS `time_frame` (
  `id` int(11) NOT NULL,
  `date` date DEFAULT NULL,
  `time_window` varchar(100) COLLATE utf8_unicode_ci DEFAULT NULL,
  `region` char(2) COLLATE utf8_unicode_ci DEFAULT NULL,
  `start_time` timestamp NULL DEFAULT NULL,
  `end_time` timestamp NULL DEFAULT NULL,
  PRIMARY KEY (`id`)
) ENGINE=InnoDB DEFAULT CHARSET=utf8 COLLATE=utf8_unicode_ci;

-- 正在导出表  schedule_system.time_frame 的数据：~7 rows (大约)
/*!40000 ALTER TABLE `time_frame` DISABLE KEYS */;
INSERT INTO `time_frame` (`id`, `date`, `time_window`, `region`, `start_time`, `end_time`) VALUES
(1, '2014-11-23', '9:00-10:00', '1a', '2014-11-23 09:00:00', '2014-11-23 10:00:00'),
(2, '2014-11-23', '10:00-11:00', '1a', '2014-11-23 10:00:00', '2014-11-23 11:00:00'),
(3, '2014-11-23', '11:00-12:00', '1a', '2014-11-23 11:00:00', '2014-11-23 12:00:00'),
(4, '2014-11-23', '12:00-13:00', '1c', '2014-11-23 12:00:00', '2014-11-23 13:00:00'),
(5, '2014-11-23', '13:00-14:00', '1b', '2014-11-23 13:00:00', '2014-11-23 14:00:00'),
(6, '2014-11-23', '14:00-15:00', '1b', '2014-11-23 14:00:00', '2014-11-23 15:00:00'),
(7, '2014-11-23', '15:00-16:00', '1b', '2014-11-23 15:00:00', '2014-11-23 16:00:00'),
(8, '2014-11-23', '16:00-17:00', '1b', '2014-11-23 16:00:00', '2014-11-23 17:00:00'),
(9, '2014-11-24', '12:00-13:00', '1C', '2014-11-24 12:00:00', '2014-11-24 13:00:00');
/*!40000 ALTER TABLE `time_frame` ENABLE KEYS */;
/*!40101 SET SQL_MODE=IFNULL(@OLD_SQL_MODE, '') */;
/*!40014 SET FOREIGN_KEY_CHECKS=IF(@OLD_FOREIGN_KEY_CHECKS IS NULL, 1, @OLD_FOREIGN_KEY_CHECKS) */;
/*!40101 SET CHARACTER_SET_CLIENT=@OLD_CHARACTER_SET_CLIENT */;
